date,equity,position
2025-06-02,101.06814870403511,-1
2025-06-03,101.49370432982116,1
2025-06-04,105.05566608040807,-1
2025-06-05,110.30844938442849,-1
2025-06-06,114.30935660380865,1
2025-06-09,119.51474303992437,1
2025-06-10,125.4904801919206,1
2025-06-11,125.62132371139454,1
2025-06-12,128.38805918940747,-1
2025-06-13,130.83116031925974,1
2025-06-16,132.36746425218394,1
2025-06-17,137.45429848710384,-1
2025-06-18,139.87597079450367,1
2025-06-20,139.9237470925549,1
2025-06-23,146.91993444718264,1
2025-06-24,150.32053512606916,-1
2025-06-25,156.02483011190878,-1
2025-06-26,156.86795009144805,-1
2025-06-27,157.9032072978346,-1
2025-06-30,160.81604648940544,-1
2025-07-01,160.81604648940544,-1
