feature,gain
return_pct_t1,11.334890365600586
nvda_ret,4.069571018218994
vix_ret,3.9922754764556885
qqq_ret,3.416964054107666
sma_10,2.149139881134033
return_pct_t3,2.108497142791748
ema_10,1.9530925750732422
sentiment_w,1.9389451742172241
sma_20,1.3658819198608398
rsi_14,1.2967640161514282
return_pct,1.1615267992019653
close_price,1.100768804550171
ret,0.9659097790718079
macd_hist,0.8543382883071899
lag_days,0.7839019298553467
ema_20,0.48159322142601013
sma_5,0.4814191162586212
atr_14,0.4545067548751831
sentiment_weighted_mean_reddit_comment_soc,0.44916296005249023
sentiment_weighted_mean_reddit_post_roll3_soc,0.36499881744384766
macd,0.35550349950790405
rv20,0.3350764513015747
