feature,mean_abs_shap
return_pct_t1,0.025320586
close_price,0.0
return_pct,0.0
return_pct_t3,0.0
sentiment_raw,0.0
sentiment_w,0.0
sentiment_decay,0.0
sentiment_score,0.0
lag_days,0.0
posts_count_reddit_comment_soc,0.0
posts_count_reddit_post_soc,0.0
posts_count_rss_electrek_soc,0.0
engagement_sum_reddit_comment_soc,0.0
engagement_sum_reddit_post_soc,0.0
engagement_sum_rss_electrek_soc,0.0
sentiment_mean_reddit_comment_soc,0.0
sentiment_mean_reddit_post_soc,0.0
sentiment_mean_rss_electrek_soc,0.0
sentiment_weighted_mean_reddit_comment_soc,0.0
sentiment_weighted_mean_reddit_post_soc,0.0
sentiment_weighted_mean_rss_electrek_soc,0.0
sentiment_weighted_mean_reddit_comment_roll3_soc,0.0
sentiment_weighted_mean_reddit_post_roll3_soc,0.0
sentiment_weighted_mean_rss_electrek_roll3_soc,0.0
net_sentiment_score,0.0
ret,0.0
rv20,0.0
rsi_14,0.0
macd,0.0
macd_signal,0.0
macd_hist,0.0
sma_5,0.0
ema_5,0.0
sma_10,0.0
ema_10,0.0
sma_20,0.0
ema_20,0.0
bollinger_z,0.0
atr_14,0.0
vix_ret,0.0
qqq_ret,0.0
nvda_ret,0.0
dow_mon,0.0
dow_tue,0.0
dow_wed,0.0
dow_thu,0.0
dow_fri,0.0
